salesperson_id,first_name,last_name,name,email,phone,region,hire_date,position,dealer_id
SP100,David,Johnson,David Johnson,david.johnson0@company.com,+1-450-328-3286,North,2021-07-17,Manager,DLR014
SP101,David,Rodriguez,David Rodriguez,david.rodriguez1@company.com,+1-232-130-2535,North,2022-05-14,Junior,DLR030
SP102,Robert,Martinez,Robert Martinez,robert.martinez2@company.com,+1-933-765-9928,North,2021-02-11,Senior,DLR029
SP103,Isabella,Martinez,Isabella Martinez,isabella.martinez3@company.com,+1-977-925-3615,East,2020-01-14,Manager,DLR055
SP104,Sophia,Jones,Sophia Jones,sophia.jones4@company.com,+1-981-444-2674,South,2021-03-16,Junior,DLR049
SP105,Emma,Garcia,Emma Garcia,emma.garcia5@company.com,+1-244-847-8527,East,2021-06-25,Manager,DLR016
SP106,Thomas,Miller,Thomas Miller,thomas.miller6@company.com,+1-843-733-6925,North,2021-08-23,Manager,DLR025
SP107,Charlotte,Johnson,Charlotte Johnson,charlotte.johnson7@company.com,+1-991-396-2307,North,2021-04-11,Junior,DLR013
SP108,James,Jones,James Jones,james.jones8@company.com,+1-366-479-6820,West,2022-01-17,Junior,DLR086
SP109,William,Johnson,William Johnson,william.johnson9@company.com,+1-746-846-5010,Central,2020-12-16,Junior,DLR060
SP110,James,Jones,James Jones,james.jones10@company.com,+1-901-432-1916,Central,2021-03-25,Junior,DLR005
SP111,Joseph,Garcia,Joseph Garcia,joseph.garcia11@company.com,+1-267-316-6155,West,2021-07-02,Junior,DLR084
SP112,Isabella,Miller,Isabella Miller,isabella.miller12@company.com,+1-471-242-5040,West,2020-10-19,Manager,DLR072
SP113,Robert,Jones,Robert Jones,robert.jones13@company.com,+1-797-508-6930,Central,2022-05-27,Junior,DLR018
SP114,Robert,Davis,Robert Davis,robert.davis14@company.com,+1-312-256-3621,North,2020-04-06,Manager,DLR055
SP115,Mia,Johnson,Mia Johnson,mia.johnson15@company.com,+1-810-579-9669,West,2022-02-20,Senior,DLR071
SP116,Amelia,Smith,Amelia Smith,amelia.smith16@company.com,+1-987-756-6573,North,2021-06-30,Junior,DLR038
SP117,James,Williams,James Williams,james.williams17@company.com,+1-939-996-5315,West,2020-01-07,Manager,DLR098
SP118,Michael,Rodriguez,Michael Rodriguez,michael.rodriguez18@company.com,+1-854-619-4258,North,2021-09-03,Junior,DLR048
SP119,Joseph,Williams,Joseph Williams,joseph.williams19@company.com,+1-200-713-6310,Central,2022-12-22,Senior,DLR003
SP120,Emma,Garcia,Emma Garcia,emma.garcia20@company.com,+1-259-346-2290,East,2021-05-05,Junior,DLR094
SP121,Isabella,Johnson,Isabella Johnson,isabella.johnson21@company.com,+1-331-775-8787,Central,2020-09-14,Manager,DLR022
SP122,William,Rodriguez,William Rodriguez,william.rodriguez22@company.com,+1-416-652-4295,Central,2022-05-16,Manager,DLR040
SP123,James,Garcia,James Garcia,james.garcia23@company.com,+1-662-223-5061,West,2022-11-25,Junior,DLR009
SP124,Sophia,Smith,Sophia Smith,sophia.smith24@company.com,+1-802-325-1117,Central,2021-04-16,Junior,DLR091
SP125,David,Smith,David Smith,david.smith25@company.com,+1-232-980-6413,South,2020-05-18,Junior,DLR066
SP126,Olivia,Jones,Olivia Jones,olivia.jones26@company.com,+1-752-235-8744,West,2021-03-14,Junior,DLR061
SP127,Joseph,Miller,Joseph Miller,joseph.miller27@company.com,+1-299-774-8062,South,2020-07-12,Senior,DLR055
SP128,James,Davis,James Davis,james.davis28@company.com,+1-262-512-6559,North,2020-07-20,Junior,DLR032
SP129,Olivia,Brown,Olivia Brown,olivia.brown29@company.com,+1-343-532-4006,Central,2022-07-07,Senior,DLR060
SP130,Olivia,Johnson,Olivia Johnson,olivia.johnson30@company.com,+1-251-767-9856,West,2020-07-19,Junior,DLR012
SP131,Thomas,Brown,Thomas Brown,thomas.brown31@company.com,+1-697-592-4502,South,2022-04-12,Senior,DLR008
SP132,Michael,Miller,Michael Miller,michael.miller32@company.com,+1-471-902-8454,North,2022-03-10,Senior,DLR055
SP133,Charlotte,Rodriguez,Charlotte Rodriguez,charlotte.rodriguez33@company.com,+1-394-403-4566,West,2020-11-13,Junior,DLR075
SP134,Charlotte,Rodriguez,Charlotte Rodriguez,charlotte.rodriguez34@company.com,+1-258-151-8811,North,2021-10-04,Manager,DLR068
SP135,Michael,Smith,Michael Smith,michael.smith35@company.com,+1-390-170-2113,Central,2020-06-13,Manager,DLR031
SP136,James,Johnson,James Johnson,james.johnson36@company.com,+1-792-708-1651,Central,2021-05-19,Manager,DLR011
SP137,James,Martinez,James Martinez,james.martinez37@company.com,+1-523-367-4346,Central,2022-12-06,Manager,DLR092
SP138,Sophia,Brown,Sophia Brown,sophia.brown38@company.com,+1-334-787-5915,East,2022-03-21,Senior,DLR041
SP139,Thomas,Johnson,Thomas Johnson,thomas.johnson39@company.com,+1-836-676-2638,North,2022-07-27,Junior,DLR069
SP140,Olivia,Rodriguez,Olivia Rodriguez,olivia.rodriguez40@company.com,+1-557-170-5002,East,2020-09-28,Senior,DLR037
SP141,Michael,Davis,Michael Davis,michael.davis41@company.com,+1-826-926-9666,Central,2021-09-11,Junior,DLR086
SP142,Amelia,Rodriguez,Amelia Rodriguez,amelia.rodriguez42@company.com,+1-337-370-2891,East,2020-07-31,Junior,DLR096
SP143,Robert,Williams,Robert Williams,robert.williams43@company.com,+1-819-315-6617,East,2021-07-31,Junior,DLR088
SP144,David,Jones,David Jones,david.jones44@company.com,+1-457-966-1832,Central,2022-09-27,Junior,DLR082
SP145,James,Jones,James Jones,james.jones45@company.com,+1-541-889-3143,North,2020-01-08,Manager,DLR034
SP146,Michael,Davis,Michael Davis,michael.davis46@company.com,+1-774-109-2832,Central,2022-05-25,Junior,DLR089
SP147,Thomas,Williams,Thomas Williams,thomas.williams47@company.com,+1-578-696-3426,Central,2020-03-14,Senior,DLR017
SP148,John,Jones,John Jones,john.jones48@company.com,+1-566-315-5088,East,2020-03-22,Manager,DLR014
SP149,Sophia,Rodriguez,Sophia Rodriguez,sophia.rodriguez49@company.com,+1-442-985-3662,West,2020-11-12,Junior,DLR053
SP150,John,Williams,John Williams,john.williams50@company.com,+1-885-984-5065,East,2022-04-23,Senior,DLR021
SP151,Joseph,Johnson,Joseph Johnson,joseph.johnson51@company.com,+1-681-327-4269,West,2020-03-20,Senior,DLR045
SP152,William,Brown,William Brown,william.brown52@company.com,+1-875-297-7528,South,2020-02-18,Senior,DLR036
SP153,Amelia,Johnson,Amelia Johnson,amelia.johnson53@company.com,+1-856-621-7548,East,2021-12-20,Manager,DLR069
SP154,Sophia,Smith,Sophia Smith,sophia.smith54@company.com,+1-382-694-5349,North,2021-06-18,Junior,DLR014
SP155,Mia,Miller,Mia Miller,mia.miller55@company.com,+1-646-720-9379,East,2021-10-04,Junior,DLR050
SP156,Thomas,Martinez,Thomas Martinez,thomas.martinez56@company.com,+1-245-825-8144,South,2021-06-05,Junior,DLR067
SP157,Thomas,Rodriguez,Thomas Rodriguez,thomas.rodriguez57@company.com,+1-641-171-6409,South,2022-01-15,Manager,DLR041
SP158,David,Johnson,David Johnson,david.johnson58@company.com,+1-516-782-7691,East,2022-11-04,Senior,DLR052
SP159,Charlotte,Jones,Charlotte Jones,charlotte.jones59@company.com,+1-396-530-7211,Central,2020-09-17,Manager,DLR096
SP160,Thomas,Williams,Thomas Williams,thomas.williams60@company.com,+1-615-661-1006,Central,2021-09-08,Senior,DLR037
SP161,Olivia,Miller,Olivia Miller,olivia.miller61@company.com,+1-676-552-8244,Central,2021-10-21,Manager,DLR028
SP162,Robert,Davis,Robert Davis,robert.davis62@company.com,+1-490-627-6491,South,2020-06-22,Junior,DLR097
SP163,Olivia,Jones,Olivia Jones,olivia.jones63@company.com,+1-350-125-1757,South,2021-02-11,Junior,DLR061
SP164,Mia,Johnson,Mia Johnson,mia.johnson64@company.com,+1-844-689-4185,West,2022-04-28,Manager,DLR090
SP165,James,Davis,James Davis,james.davis65@company.com,+1-351-771-1090,West,2021-05-14,Junior,DLR100
SP166,James,Brown,James Brown,james.brown66@company.com,+1-675-151-5082,South,2022-11-26,Junior,DLR059
SP167,Michael,Davis,Michael Davis,michael.davis67@company.com,+1-973-553-9270,Central,2021-10-11,Senior,DLR071
SP168,Isabella,Williams,Isabella Williams,isabella.williams68@company.com,+1-465-869-5050,West,2022-07-10,Manager,DLR036
SP169,Joseph,Rodriguez,Joseph Rodriguez,joseph.rodriguez69@company.com,+1-481-550-2269,West,2021-05-04,Manager,DLR037
SP170,Olivia,Jones,Olivia Jones,olivia.jones70@company.com,+1-753-182-3267,East,2021-10-16,Junior,DLR030
SP171,James,Williams,James Williams,james.williams71@company.com,+1-624-517-6421,South,2020-05-11,Manager,DLR060
SP172,James,Smith,James Smith,james.smith72@company.com,+1-598-888-1320,South,2022-05-10,Manager,DLR049
SP173,Isabella,Smith,Isabella Smith,isabella.smith73@company.com,+1-971-499-7865,East,2021-09-03,Manager,DLR096
SP174,Charlotte,Rodriguez,Charlotte Rodriguez,charlotte.rodriguez74@company.com,+1-699-324-5471,Central,2021-03-27,Senior,DLR063
SP175,John,Miller,John Miller,john.miller75@company.com,+1-941-269-8657,East,2022-04-08,Junior,DLR080
SP176,Robert,Smith,Robert Smith,robert.smith76@company.com,+1-285-758-8022,West,2020-02-25,Junior,DLR060
SP177,Michael,Smith,Michael Smith,michael.smith77@company.com,+1-535-316-8449,East,2022-02-15,Senior,DLR044
SP178,Joseph,Miller,Joseph Miller,joseph.miller78@company.com,+1-458-954-2341,East,2022-05-13,Senior,DLR003
SP179,Charlotte,Rodriguez,Charlotte Rodriguez,charlotte.rodriguez79@company.com,+1-429-765-2124,North,2021-12-17,Manager,DLR006
SP180,Joseph,Smith,Joseph Smith,joseph.smith80@company.com,+1-220-736-3496,South,2021-02-12,Junior,DLR017
SP181,Isabella,Johnson,Isabella Johnson,isabella.johnson81@company.com,+1-676-816-5198,Central,2021-03-22,Senior,DLR022
SP182,Mia,Martinez,Mia Martinez,mia.martinez82@company.com,+1-518-210-1420,North,2020-12-01,Senior,DLR074
SP183,David,Miller,David Miller,david.miller83@company.com,+1-277-706-4978,West,2021-02-10,Junior,DLR090
SP184,Joseph,Jones,Joseph Jones,joseph.jones84@company.com,+1-779-901-1672,Central,2020-09-04,Senior,DLR069
SP185,James,Garcia,James Garcia,james.garcia85@company.com,+1-863-449-1207,North,2022-11-02,Senior,DLR063
SP186,Emma,Miller,Emma Miller,emma.miller86@company.com,+1-924-256-8135,East,2022-07-30,Junior,DLR094
SP187,Robert,Jones,Robert Jones,robert.jones87@company.com,+1-676-546-5397,Central,2022-09-17,Senior,DLR032
SP188,Amelia,Johnson,Amelia Johnson,amelia.johnson88@company.com,+1-449-868-8613,East,2022-07-12,Manager,DLR079
SP189,David,Miller,David Miller,david.miller89@company.com,+1-706-971-6325,East,2020-02-28,Junior,DLR063
SP190,Olivia,Garcia,Olivia Garcia,olivia.garcia90@company.com,+1-486-710-5526,East,2021-11-28,Manager,DLR002
SP191,Robert,Brown,Robert Brown,robert.brown91@company.com,+1-937-516-9004,North,2021-05-09,Manager,DLR098
SP192,Olivia,Davis,Olivia Davis,olivia.davis92@company.com,+1-217-195-5820,West,2022-07-06,Junior,DLR052
SP193,Charlotte,Brown,Charlotte Brown,charlotte.brown93@company.com,+1-684-666-9698,East,2022-01-25,Senior,DLR055
SP194,Charlotte,Rodriguez,Charlotte Rodriguez,charlotte.rodriguez94@company.com,+1-919-564-5438,East,2021-12-21,Senior,DLR033
SP195,Olivia,Johnson,Olivia Johnson,olivia.johnson95@company.com,+1-322-860-9779,South,2021-10-08,Manager,DLR024
SP196,Olivia,Brown,Olivia Brown,olivia.brown96@company.com,+1-941-703-9595,West,2021-07-20,Manager,DLR037
SP197,Emma,Brown,Emma Brown,emma.brown97@company.com,+1-569-283-5952,East,2021-04-10,Junior,DLR091
SP198,Robert,Williams,Robert Williams,robert.williams98@company.com,+1-255-666-5786,East,2020-04-03,Manager,DLR017
SP199,David,Davis,David Davis,david.davis99@company.com,+1-787-391-8690,North,2020-01-26,Senior,DLR057
SP200,Sophia,Williams,Sophia Williams,sophia.williams100@company.com,+1-689-216-2070,North,2021-06-01,Senior,DLR063
SP201,Emma,Martinez,Emma Martinez,emma.martinez101@company.com,+1-352-930-5978,North,2020-11-06,Junior,DLR032
SP202,Emma,Rodriguez,Emma Rodriguez,emma.rodriguez102@company.com,+1-994-635-7232,West,2021-04-07,Senior,DLR057
SP203,William,Martinez,William Martinez,william.martinez103@company.com,+1-782-735-1986,West,2021-09-17,Manager,DLR095
SP204,Emma,Brown,Emma Brown,emma.brown104@company.com,+1-876-183-3573,South,2021-06-25,Junior,DLR023
SP205,Robert,Johnson,Robert Johnson,robert.johnson105@company.com,+1-618-561-8699,South,2020-01-06,Senior,DLR005
SP206,Olivia,Jones,Olivia Jones,olivia.jones106@company.com,+1-272-803-4824,East,2022-07-18,Senior,DLR081
SP207,Mia,Brown,Mia Brown,mia.brown107@company.com,+1-757-330-3441,West,2020-08-23,Senior,DLR019
SP208,Emma,Smith,Emma Smith,emma.smith108@company.com,+1-809-866-5728,South,2021-09-21,Senior,DLR016
SP209,Isabella,Jones,Isabella Jones,isabella.jones109@company.com,+1-712-652-9090,West,2021-07-11,Senior,DLR011
SP210,Mia,Smith,Mia Smith,mia.smith110@company.com,+1-818-356-1423,West,2021-10-22,Junior,DLR030
SP211,David,Martinez,David Martinez,david.martinez111@company.com,+1-983-788-5415,Central,2020-02-12,Manager,DLR006
SP212,Joseph,Williams,Joseph Williams,joseph.williams112@company.com,+1-867-552-5557,West,2022-11-28,Junior,DLR075
SP213,James,Davis,James Davis,james.davis113@company.com,+1-556-518-6460,North,2022-08-20,Senior,DLR086
SP214,Emma,Williams,Emma Williams,emma.williams114@company.com,+1-910-607-5722,East,2022-04-23,Manager,DLR052
SP215,Amelia,Rodriguez,Amelia Rodriguez,amelia.rodriguez115@company.com,+1-290-422-5135,North,2022-07-20,Senior,DLR015
SP216,Joseph,Miller,Joseph Miller,joseph.miller116@company.com,+1-873-990-9889,Central,2020-01-03,Senior,DLR053
SP217,John,Brown,John Brown,john.brown117@company.com,+1-837-874-9167,Central,2022-01-10,Manager,DLR057
SP218,Joseph,Smith,Joseph Smith,joseph.smith118@company.com,+1-762-234-5719,South,2021-06-30,Senior,DLR090
SP219,Isabella,Johnson,Isabella Johnson,isabella.johnson119@company.com,+1-926-262-6091,North,2021-05-05,Manager,DLR002
SP220,Robert,Miller,Robert Miller,robert.miller120@company.com,+1-316-572-2924,North,2021-04-05,Manager,DLR020
SP221,Isabella,Jones,Isabella Jones,isabella.jones121@company.com,+1-625-954-8905,Central,2021-07-13,Senior,DLR032
SP222,Isabella,Rodriguez,Isabella Rodriguez,isabella.rodriguez122@company.com,+1-395-713-9327,South,2022-02-24,Manager,DLR018
SP223,Amelia,Johnson,Amelia Johnson,amelia.johnson123@company.com,+1-548-906-9318,East,2022-04-29,Senior,DLR001
SP224,William,Jones,William Jones,william.jones124@company.com,+1-352-557-9824,Central,2022-09-29,Senior,DLR045
SP225,Sophia,Rodriguez,Sophia Rodriguez,sophia.rodriguez125@company.com,+1-666-429-4090,Central,2022-02-11,Manager,DLR031
SP226,Mia,Miller,Mia Miller,mia.miller126@company.com,+1-244-425-8749,South,2022-04-21,Manager,DLR049
SP227,James,Williams,James Williams,james.williams127@company.com,+1-329-614-6439,West,2020-03-16,Junior,DLR057
SP228,Emma,Rodriguez,Emma Rodriguez,emma.rodriguez128@company.com,+1-939-247-7717,West,2020-02-01,Manager,DLR020
SP229,Emma,Davis,Emma Davis,emma.davis129@company.com,+1-838-809-7512,East,2021-11-24,Manager,DLR011
SP230,Amelia,Garcia,Amelia Garcia,amelia.garcia130@company.com,+1-524-741-8994,Central,2022-02-17,Manager,DLR005
SP231,Mia,Johnson,Mia Johnson,mia.johnson131@company.com,+1-432-864-2480,South,2021-08-11,Senior,DLR013
SP232,Joseph,Johnson,Joseph Johnson,joseph.johnson132@company.com,+1-910-406-1474,West,2020-12-06,Junior,DLR042
SP233,Joseph,Smith,Joseph Smith,joseph.smith133@company.com,+1-583-541-3385,East,2022-01-04,Junior,DLR068
SP234,James,Martinez,James Martinez,james.martinez134@company.com,+1-379-180-7267,South,2020-12-14,Manager,DLR088
SP235,Olivia,Davis,Olivia Davis,olivia.davis135@company.com,+1-437-572-5161,Central,2020-10-20,Senior,DLR033
SP236,David,Smith,David Smith,david.smith136@company.com,+1-893-659-3588,West,2021-08-12,Junior,DLR057
SP237,Sophia,Martinez,Sophia Martinez,sophia.martinez137@company.com,+1-906-356-8484,East,2022-05-18,Senior,DLR026
SP238,James,Davis,James Davis,james.davis138@company.com,+1-590-685-6881,North,2021-04-30,Manager,DLR038
SP239,Charlotte,Jones,Charlotte Jones,charlotte.jones139@company.com,+1-481-108-1803,North,2022-03-21,Manager,DLR096
SP240,Isabella,Jones,Isabella Jones,isabella.jones140@company.com,+1-424-751-4115,South,2021-12-22,Manager,DLR033
SP241,David,Williams,David Williams,david.williams141@company.com,+1-516-907-8222,North,2020-03-21,Junior,DLR075
SP242,Sophia,Williams,Sophia Williams,sophia.williams142@company.com,+1-534-865-7807,North,2021-08-27,Junior,DLR026
SP243,Michael,Rodriguez,Michael Rodriguez,michael.rodriguez143@company.com,+1-713-379-3695,East,2022-12-23,Senior,DLR062
SP244,Joseph,Jones,Joseph Jones,joseph.jones144@company.com,+1-679-177-3306,East,2020-08-23,Junior,DLR087
SP245,Charlotte,Miller,Charlotte Miller,charlotte.miller145@company.com,+1-292-909-7464,Central,2022-01-19,Junior,DLR034
SP246,Robert,Johnson,Robert Johnson,robert.johnson146@company.com,+1-888-866-5295,West,2022-01-24,Manager,DLR049
SP247,Amelia,Garcia,Amelia Garcia,amelia.garcia147@company.com,+1-682-125-6374,North,2021-04-23,Manager,DLR029
SP248,David,Johnson,David Johnson,david.johnson148@company.com,+1-864-518-2911,West,2021-09-10,Junior,DLR006
SP249,John,Jones,John Jones,john.jones149@company.com,+1-299-340-9807,West,2020-08-25,Junior,DLR050
SP250,Isabella,Garcia,Isabella Garcia,isabella.garcia150@company.com,+1-801-860-3531,Central,2022-05-08,Senior,DLR084
SP251,Emma,Davis,Emma Davis,emma.davis151@company.com,+1-486-133-7070,Central,2022-04-15,Junior,DLR057
SP252,Isabella,Brown,Isabella Brown,isabella.brown152@company.com,+1-902-476-9920,East,2020-07-22,Manager,DLR046
SP253,John,Miller,John Miller,john.miller153@company.com,+1-325-968-8450,East,2021-01-23,Junior,DLR085
SP254,Olivia,Martinez,Olivia Martinez,olivia.martinez154@company.com,+1-541-349-3063,North,2020-04-13,Manager,DLR027
SP255,Emma,Rodriguez,Emma Rodriguez,emma.rodriguez155@company.com,+1-438-436-3417,South,2021-03-18,Manager,DLR001
SP256,William,Williams,William Williams,william.williams156@company.com,+1-378-212-1422,South,2021-05-28,Junior,DLR002
SP257,Sophia,Brown,Sophia Brown,sophia.brown157@company.com,+1-216-278-5347,Central,2021-10-25,Junior,DLR017
SP258,Charlotte,Miller,Charlotte Miller,charlotte.miller158@company.com,+1-963-165-8802,Central,2020-08-20,Senior,DLR100
SP259,Sophia,Rodriguez,Sophia Rodriguez,sophia.rodriguez159@company.com,+1-662-615-4629,Central,2020-08-11,Manager,DLR006
SP260,Charlotte,Rodriguez,Charlotte Rodriguez,charlotte.rodriguez160@company.com,+1-858-131-1996,East,2022-07-27,Senior,DLR052
SP261,James,Johnson,James Johnson,james.johnson161@company.com,+1-275-182-6277,West,2022-06-27,Manager,DLR019
SP262,Emma,Williams,Emma Williams,emma.williams162@company.com,+1-590-711-9692,East,2021-10-27,Senior,DLR059
SP263,Robert,Martinez,Robert Martinez,robert.martinez163@company.com,+1-918-217-4522,West,2020-07-22,Senior,DLR058
SP264,Thomas,Brown,Thomas Brown,thomas.brown164@company.com,+1-664-508-7815,West,2021-11-25,Manager,DLR013
SP265,Sophia,Miller,Sophia Miller,sophia.miller165@company.com,+1-583-256-8770,East,2021-06-06,Junior,DLR012
SP266,Amelia,Johnson,Amelia Johnson,amelia.johnson166@company.com,+1-298-862-7105,North,2022-06-03,Junior,DLR072
SP267,John,Martinez,John Martinez,john.martinez167@company.com,+1-886-225-7730,Central,2021-11-06,Senior,DLR086
SP268,Joseph,Miller,Joseph Miller,joseph.miller168@company.com,+1-814-419-6761,North,2021-08-12,Junior,DLR074
SP269,Robert,Brown,Robert Brown,robert.brown169@company.com,+1-429-967-2773,South,2022-09-14,Senior,DLR072
SP270,Sophia,Johnson,Sophia Johnson,sophia.johnson170@company.com,+1-639-965-1430,East,2021-04-08,Manager,DLR085
SP271,Amelia,Jones,Amelia Jones,amelia.jones171@company.com,+1-479-819-6062,North,2021-01-04,Senior,DLR045
SP272,John,Williams,John Williams,john.williams172@company.com,+1-271-245-1502,South,2022-03-31,Junior,DLR096
SP273,Robert,Brown,Robert Brown,robert.brown173@company.com,+1-664-449-3578,West,2022-05-09,Senior,DLR040
SP274,Charlotte,Garcia,Charlotte Garcia,charlotte.garcia174@company.com,+1-253-259-3579,Central,2020-06-22,Manager,DLR007
SP275,David,Johnson,David Johnson,david.johnson175@company.com,+1-877-534-8957,East,2022-06-26,Manager,DLR057
SP276,James,Jones,James Jones,james.jones176@company.com,+1-316-453-8043,South,2022-11-15,Junior,DLR037
SP277,David,Martinez,David Martinez,david.martinez177@company.com,+1-883-415-1744,West,2022-12-15,Junior,DLR051
SP278,Mia,Smith,Mia Smith,mia.smith178@company.com,+1-508-316-3248,North,2021-02-22,Senior,DLR038
SP279,Sophia,Johnson,Sophia Johnson,sophia.johnson179@company.com,+1-964-540-3878,North,2022-10-15,Junior,DLR049
SP280,Robert,Brown,Robert Brown,robert.brown180@company.com,+1-273-506-1693,Central,2021-12-26,Senior,DLR003
SP281,Isabella,Johnson,Isabella Johnson,isabella.johnson181@company.com,+1-787-514-7843,East,2022-05-29,Senior,DLR015
SP282,James,Smith,James Smith,james.smith182@company.com,+1-832-571-6928,East,2020-12-17,Junior,DLR056
SP283,Amelia,Johnson,Amelia Johnson,amelia.johnson183@company.com,+1-803-510-9584,South,2022-06-11,Junior,DLR051
SP284,Amelia,Jones,Amelia Jones,amelia.jones184@company.com,+1-541-897-3754,East,2021-03-29,Junior,DLR066
SP285,David,Johnson,David Johnson,david.johnson185@company.com,+1-398-894-6724,Central,2022-11-10,Senior,DLR094
SP286,Amelia,Williams,Amelia Williams,amelia.williams186@company.com,+1-349-362-4232,South,2020-07-29,Junior,DLR078
SP287,Michael,Johnson,Michael Johnson,michael.johnson187@company.com,+1-675-872-8354,South,2022-10-08,Manager,DLR073
SP288,David,Martinez,David Martinez,david.martinez188@company.com,+1-354-550-2118,East,2021-10-09,Senior,DLR057
SP289,David,Jones,David Jones,david.jones189@company.com,+1-560-619-2215,East,2020-04-25,Senior,DLR060
SP290,Isabella,Smith,Isabella Smith,isabella.smith190@company.com,+1-493-178-2479,North,2022-01-25,Manager,DLR077
SP291,Robert,Miller,Robert Miller,robert.miller191@company.com,+1-660-929-4084,West,2020-03-25,Senior,DLR078
SP292,Isabella,Rodriguez,Isabella Rodriguez,isabella.rodriguez192@company.com,+1-661-205-6626,South,2020-05-06,Manager,DLR011
SP293,Robert,Williams,Robert Williams,robert.williams193@company.com,+1-924-548-8199,North,2021-05-22,Manager,DLR067
SP294,Mia,Williams,Mia Williams,mia.williams194@company.com,+1-489-496-7697,East,2022-02-02,Senior,DLR087
SP295,Mia,Smith,Mia Smith,mia.smith195@company.com,+1-537-196-7333,East,2020-05-14,Senior,DLR033
SP296,Charlotte,Martinez,Charlotte Martinez,charlotte.martinez196@company.com,+1-283-696-3317,South,2021-11-13,Senior,DLR040
SP297,David,Miller,David Miller,david.miller197@company.com,+1-517-672-7171,South,2020-06-22,Manager,DLR043
SP298,Amelia,Williams,Amelia Williams,amelia.williams198@company.com,+1-861-786-7937,Central,2020-07-10,Manager,DLR047
SP299,John,Garcia,John Garcia,john.garcia199@company.com,+1-419-449-8967,East,2021-01-04,Junior,DLR029
